{
    "rmse": 0.7111020522774291,
    "mae": 0.5548256732984362,
    "r2": 0.2788496349929368
}