{
    "rmse": 0.6956385836475488,
    "mae": 0.5496421847006395,
    "r2": 0.27497554803806645
}